Concentration,Compound,Cytotoxicity
0.1,PFHxS,3.1e-18
5.0,PFHxS,2.94e-07
10.0,PFHxS,2.27e-05
20.0,PFHxS,0.001494304
40.0,PFHxS,0.072978219
80.0,PFHxS,2.049340244
160.0,PFHxS,22.87497088
320.0,PFHxS,75.60950893
640.0,PFHxS,98.03442315
1280.0,PFHxS,99.09822139
2560.0,PFHxS,99.1
0.1,"2,4-DCP",9.64e-16
5.0,"2,4-DCP",1.5e-07
10.0,"2,4-DCP",4.1e-06
20.0,"2,4-DCP",0.000108607
40.0,"2,4-DCP",0.002678214
80.0,"2,4-DCP",0.057508911
160.0,"2,4-DCP",0.948549188
320.0,"2,4-DCP",9.71497016
640.0,"2,4-DCP",46.49969788
1280.0,"2,4-DCP",90.03731301
2560.0,"2,4-DCP",99.77706344
0.1,"2,5-DCP",1.05e-07
5.0,"2,5-DCP",0.000719089
10.0,"2,5-DCP",0.003424995
20.0,"2,5-DCP",0.016221556
40.0,"2,5-DCP",0.075972133
80.0,"2,5-DCP",0.347975196
160.0,"2,5-DCP",1.525460099
320.0,"2,5-DCP",6.142507189
640.0,"2,5-DCP",21.09320675
1280.0,"2,5-DCP",54.92964293
2560.0,"2,5-DCP",95.63021934
0.1,pPB,8.87e-07
5.0,pPB,0.002881795
10.0,pPB,0.012074168
20.0,pPB,0.050575481
40.0,pPB,0.211620118
80.0,pPB,0.881516856
160.0,pPB,3.605063795
320.0,pPB,13.72587132
640.0,pPB,41.59323985
1280.0,pPB,80.69104474
2560.0,pPB,104.0284627
0.1,bPB,0.716388424
5.0,bPB,0.767892344
10.0,bPB,0.824234184
20.0,bPB,0.949500419
40.0,bPB,1.259272067
80.0,bPB,2.207428879
160.0,bPB,6.602863686
320.0,bPB,40.85017545
640.0,bPB,97.77031921
1280.0,bPB,99.21984158
2560.0,bPB,99.22
0.1,Hg,0.001581734
5.0,Hg,2.139447059
10.0,Hg,7.673843915
20.0,Hg,27.51058048
40.0,Hg,98.44244393
80.0,Hg,349.9464876
160.0,Hg,1215.675468
320.0,Hg,3916.175385
640.0,Hg,10283.96951
1280.0,Hg,18808.94126
2560.0,Hg,24461.02415
0.1,Cu,0.328544467
5.0,Cu,9.469558021
10.0,Cu,16.24440413
20.0,Cu,26.55204366
40.0,Cu,40.49468256
80.0,Cu,56.63039581
160.0,Cu,72.25227332
320.0,Cu,84.97107818
640.0,Cu,93.94449104
1280.0,Cu,99.65503265
2560.0,Cu,103.0541245
0.1,Se,8.654748385
5.0,Se,10.27163117
10.0,Se,12.08440859
20.0,Se,16.17225843
40.0,Se,25.84678733
80.0,Se,47.58596086
160.0,Se,80.68946887
320.0,Se,99.91733591
640.0,Se,102.1789112
1280.0,Se,102.1999982
2560.0,Se,102.2
0.1,Pb,3.1e-13
5.0,Pb,1.29e-06
10.0,Pb,1.89e-05
20.0,Pb,0.000271436
40.0,Pb,0.00375353
80.0,Pb,0.048122209
160.0,Pb,0.532775884
320.0,Pb,4.481124073
640.0,Pb,23.38123577
1280.0,Pb,60.88268102
2560.0,Pb,81.40414771
0.1,Mix1,0.010238759
5.0,Mix1,0.013673189
10.0,Mix1,0.018195649
20.0,Mix1,0.031354427
40.0,Mix1,0.084133372
80.0,Mix1,0.427460201
160.0,Mix1,3.910158597
320.0,Mix1,31.52197312
640.0,Mix1,84.7198507
1280.0,Mix1,97.11608217
2560.0,Mix1,97.31995328
0.1,Mix2,0.563552031
5.0,Mix2,0.612032012
10.0,Mix2,0.66577351
20.0,Mix2,0.787709862
40.0,Mix2,1.101866077
80.0,Mix2,2.146628914
160.0,Mix2,7.831965982
320.0,Mix2,55.50857129
640.0,Mix2,97.64985015
1280.0,Mix2,97.97999353
2560.0,Mix2,97.98
0.1,TCS,0.01904602
5.0,TCS,9.880193972
10.0,TCS,25.34207748
20.0,TCS,51.47898346
40.0,TCS,77.36666206
80.0,TCS,92.4499953
160.0,TCS,98.69243901
320.0,TCS,100.9028783
640.0,TCS,101.6414503
1280.0,TCS,101.8833971
2560.0,TCS,101.9621407
0.1,PFNA,9e-85
5.0,PFNA,1.58e-30
10.0,PFNA,1.5500000000000001e-21
20.0,PFNA,2.98e-13
40.0,PFNA,2.91e-06
80.0,PFNA,0.219363503
160.0,PFNA,37.40152353
320.0,PFNA,96.15281944
640.0,PFNA,98.91754215
1280.0,PFNA,98.92
2560.0,PFNA,98.92
0.1,PFOA,1.024742371
5.0,PFOA,1.106278317
10.0,PFOA,1.196087269
20.0,PFOA,1.397847177
40.0,PFOA,1.90709663
80.0,PFOA,3.527125701
160.0,PFOA,11.44016279
320.0,PFOA,61.2679926
640.0,PFOA,98.13926738
1280.0,PFOA,98.51998444
2560.0,PFOA,98.52
0.1,Sb,4.4e-05
5.0,Sb,0.082248734
10.0,Sb,0.306405469
20.0,Sb,1.114736494
40.0,Sb,3.871307851
80.0,Sb,12.29504938
160.0,Sb,33.12678465
320.0,Sb,67.85062826
640.0,Sb,96.79592315
1280.0,Sb,104.5635182
2560.0,Sb,104.8994405
0.1,BP-3,7.17e-05
5.0,BP-3,0.030929599
10.0,BP-3,0.09055895
20.0,BP-3,0.264748122
40.0,BP-3,0.770592859
80.0,BP-3,2.214722125
160.0,BP-3,6.144552998
320.0,BP-3,15.57791069
640.0,BP-3,32.72232377
1280.0,BP-3,52.40532412
2560.0,BP-3,65.94198919
0.1,Co,1.11e-13
5.0,Co,1.68e-06
10.0,Co,3.07e-05
20.0,Co,0.000541804
40.0,Co,0.008996344
80.0,Co,0.132314291
160.0,Co,1.54425545
320.0,Co,11.86927707
640.0,Co,46.8298705
1280.0,Co,83.5765164
2560.0,Co,91.4509054
0.1,Ni,1.08e-34
5.0,Ni,4.24e-15
10.0,Ni,1.04e-11
20.0,Ni,2.04e-08
40.0,Ni,2.58e-05
80.0,Ni,0.014414993
160.0,Ni,1.951968108
320.0,Ni,33.52063377
640.0,Ni,79.45408992
1280.0,Ni,85.13475379
2560.0,Ni,85.16999874
0.1,Zn,1.64e-143
5.0,Zn,5.55e-59
10.0,Zn,1.4e-44
20.0,Zn,7.5300000000000015e-31
40.0,Zn,2.13e-18
80.0,Zn,3.11e-08
160.0,Zn,0.121722443
320.0,Zn,44.65085612
640.0,Zn,97.09618019
1280.0,Zn,98.28970745
2560.0,Zn,98.29
0.1,Cu.1,0.328544467
5.0,Cu.1,9.469558021
10.0,Cu.1,16.24440413
20.0,Cu.1,26.55204366
40.0,Cu.1,40.49468256
80.0,Cu.1,56.63039581
160.0,Cu.1,72.25227332
320.0,Cu.1,84.97107818
640.0,Cu.1,93.94449104
1280.0,Cu.1,99.65503265
2560.0,Cu.1,103.0541245
0.1,Cd,0.920483047
5.0,Cd,46.91943008
10.0,Cd,66.40731811
20.0,Cd,81.50440624
40.0,Cd,90.70011343
80.0,Cd,95.5055484
160.0,Cd,97.81675179
320.0,Cd,98.88392599
640.0,Cd,99.36739209
1280.0,Cd,99.5845283
2560.0,Cd,99.68166956
0.1,Mix3,1.16e-07
5.0,Mix3,0.000519311
10.0,Mix3,0.002301133
20.0,Mix3,0.010180209
40.0,Mix3,0.044892542
80.0,Mix3,0.196699428
160.0,Mix3,0.850902928
320.0,Mix3,3.588837569
640.0,Mix3,14.4020512
1280.0,Mix3,52.51658891
2560.0,Mix3,160.4501376
0.1,TEHP,3.632499154
5.0,TEHP,3.709109979
10.0,TEHP,3.788603718
20.0,TEHP,3.951650289
40.0,TEHP,4.294409921
80.0,TEHP,5.050063394
160.0,TEHP,6.869905842
320.0,TEHP,11.96553714
640.0,TEHP,29.51944986
1280.0,TEHP,98.16206314
2560.0,TEHP,290.2190287
0.1,TCPP,0.56383691
5.0,TCPP,0.612341243
10.0,TCPP,0.666109709
20.0,TCPP,0.788107137
40.0,TCPP,1.102419997
80.0,TCPP,2.147696404
160.0,TCPP,7.835629551
320.0,TCPP,55.5208013
640.0,TCPP,97.65001735
1280.0,TCPP,97.97999354
2560.0,TCPP,97.98
0.1,TPhP,0.001961613
5.0,TPhP,0.431572299
10.0,TPhP,1.114433745
20.0,TPhP,2.842476885
40.0,TPhP,7.031837811
80.0,TPhP,16.21276434
160.0,TPhP,32.53254459
320.0,TPhP,53.0498253
640.0,TPhP,70.01567693
1280.0,TPhP,79.82423269
2560.0,TPhP,84.36523695
0.1,TDCPP,0.00303023
5.0,TDCPP,0.242222823
10.0,TDCPP,0.526309959
20.0,TDCPP,1.143191876
40.0,TDCPP,2.481266063
80.0,TDCPP,5.376838879
160.0,TDCPP,11.61097405
320.0,TDCPP,24.88700339
640.0,TDCPP,52.512306
1280.0,TDCPP,107.3251525
2560.0,TDCPP,206.4939307
0.1,EHDPHP,2.796222311
5.0,EHDPHP,3.054191535
10.0,EHDPHP,3.334408971
20.0,EHDPHP,3.9480426
40.0,EHDPHP,5.398173498
80.0,EHDPHP,9.234049323
160.0,EHDPHP,20.39717645
320.0,EHDPHP,48.81448567
640.0,EHDPHP,84.67823515
1280.0,EHDPHP,96.09134762
2560.0,EHDPHP,96.55935501
0.1,TBOEP,2.670571552
5.0,TBOEP,2.823443092
10.0,TBOEP,2.988179081
20.0,TBOEP,3.346026703
40.0,TBOEP,4.189599952
80.0,TBOEP,6.521455305
160.0,TBOEP,15.07377618
320.0,TBOEP,53.3109795
640.0,TBOEP,97.20049295
1280.0,TBOEP,99.18885158
2560.0,TBOEP,99.19
0.1,TnBP2,0.308797041
5.0,TnBP2,0.342824678
10.0,TnBP2,0.38139983
20.0,TnBP2,0.471995447
40.0,TnBP2,0.722346398
80.0,TnBP2,1.683832266
160.0,TnBP2,8.661755179
320.0,TnBP2,73.84924045
640.0,TnBP2,98.86444544
1280.0,TnBP2,98.89999996
2560.0,TnBP2,98.9
0.1,Mix4,2.130755393
5.0,Mix4,2.227971021
10.0,Mix4,2.331633575
20.0,Mix4,2.553263174
40.0,Mix4,3.059652266
80.0,Mix4,4.379012828
160.0,Mix4,8.790794219
320.0,Mix4,29.84571934
640.0,Mix4,88.2060896
1280.0,Mix4,98.49025983
2560.0,Mix4,98.5199998
0.1,Mix5,4.780231693
5.0,Mix5,5.060047747
10.0,Mix5,5.356642625
20.0,Mix5,5.983768127
40.0,Mix5,7.375721596
80.0,Mix5,10.71341783
160.0,Mix5,19.43393438
320.0,Mix5,41.64580282
640.0,Mix5,78.86651758
1280.0,Mix5,100.637336
2560.0,Mix5,102.9819429
0.1,Mix6,1.491655967
5.0,Mix6,1.624868227
10.0,Mix6,1.772850958
20.0,Mix6,2.109591902
40.0,Mix6,2.980984729
80.0,Mix6,5.879416063
160.0,Mix6,20.54225383
320.0,Mix6,82.14382466
640.0,Mix6,100.9204252
1280.0,Mix6,100.9999991
2560.0,Mix6,101.0
0.1,Mix7,2.169307961
5.0,Mix7,2.275796585
10.0,Mix7,2.389718394
20.0,Mix7,2.63449159
40.0,Mix7,3.199299066
80.0,Mix7,4.699577926
160.0,Mix7,9.894849234
320.0,Mix7,35.32792659
640.0,Mix7,93.88589018
1280.0,Mix7,100.9872854
2560.0,Mix7,101.0
0.1,Mix8,0.130575373
5.0,Mix8,0.142747636
10.0,Mix8,0.156336823
20.0,Mix8,0.187511567
40.0,Mix8,0.269694783
80.0,Mix8,0.557194744
160.0,Mix8,2.348153498
320.0,Mix8,30.45265019
640.0,Mix8,96.47886904
1280.0,Mix8,97.09999459
2560.0,Mix8,97.1
0.1,Mix9,0.169903265
5.0,Mix9,0.180701906
10.0,Mix9,0.192427343
20.0,Mix9,0.218204989
40.0,Mix9,0.2805518
80.0,Mix9,0.463504013
160.0,Mix9,1.259590151
320.0,Mix9,8.733337119
640.0,Mix9,83.88953704
1280.0,Mix9,99.33423446
2560.0,Mix9,99.34
0.1,Mix11,0.908938901
5.0,Mix11,0.951941283
10.0,Mix11,0.997897627
20.0,Mix11,1.096497165
40.0,Mix11,1.323475831
80.0,Mix11,1.925136319
160.0,Mix11,4.034160345
320.0,Mix11,16.14017367
640.0,Mix11,79.23060446
1280.0,Mix11,98.34637769
2560.0,Mix11,98.39999973
0.1,Mix12,0.000162499
5.0,Mix12,0.000390894
10.0,Mix12,0.000902072
20.0,Mix12,0.004076039
40.0,Mix12,0.047504754
80.0,Mix12,1.251016107
160.0,Mix12,24.0586388
320.0,Mix12,87.93957758
640.0,Mix12,102.8077859
1280.0,Mix12,102.9999731
2560.0,Mix12,103.0
0.1,Mix13,1.091958357
5.0,Mix13,1.174238997
10.0,Mix13,1.264512973
20.0,Mix13,1.466104499
40.0,Mix13,1.968842353
80.0,Mix13,3.530402931
160.0,Mix13,10.84424093
320.0,Mix13,57.84009745
640.0,Mix13,101.3615884
1280.0,Mix13,101.9999563
2560.0,Mix13,102.0
0.1,Mix14,0.001154753
5.0,Mix14,0.001391241
10.0,Mix14,0.001682545
20.0,Mix14,0.002460901
40.0,Mix14,0.00526434
80.0,Mix14,0.024087171
160.0,Mix14,0.502046611
320.0,Mix14,68.6890453
640.0,Mix14,99.59976703
1280.0,Mix14,99.6
2560.0,Mix14,99.6
0.1,Mix17,2.137076624
5.0,Mix17,2.207488533
10.0,Mix17,2.28167579
20.0,Mix17,2.437432681
40.0,Mix17,2.780678785
80.0,Mix17,3.613592711
160.0,Mix17,6.05350576
320.0,Mix17,16.02771104
640.0,Mix17,63.74013746
1280.0,Mix17,103.1373294
2560.0,Mix17,103.9998475
0.1,Mix18,6.296632867
5.0,Mix18,6.377082263
10.0,Mix18,6.460177335
20.0,Mix18,6.629453502
40.0,Mix18,6.980664399
80.0,Mix18,7.736302758
160.0,Mix18,9.482103468
320.0,Mix18,14.09742244
640.0,Mix18,29.26423904
1280.0,Mix18,80.83300039
2560.0,Mix18,126.6921632
0.1,Mix19,3.24e-28
5.0,Mix19,9.92e-27
10.0,Mix19,2.73e-25
20.0,Mix19,1.2500000000000001e-22
40.0,Mix19,4.41e-18
80.0,Mix19,2.04e-11
160.0,Mix19,0.000352942
320.0,Mix19,9.970159254
640.0,Mix19,94.20231623
1280.0,Mix19,101.9905124
2560.0,Mix19,102.0
0.1,Mix20,6.03e-09
5.0,Mix20,1.02e-08
10.0,Mix20,1.71e-08
20.0,Mix20,4.68e-08
40.0,Mix20,3.07e-07
80.0,Mix20,8.19e-06
160.0,Mix20,0.001230221
320.0,Mix20,0.444418785
640.0,Mix20,29.60664946
1280.0,Mix20,98.10379278
2560.0,Mix20,104.9794613
0.1,Mix21,3.255186232
5.0,Mix21,3.411750884
10.0,Mix21,3.578994185
20.0,Mix21,3.937479582
40.0,Mix21,4.7603908
80.0,Mix21,6.91926867
160.0,Mix21,14.13007573
320.0,Mix21,44.86337454
640.0,Mix21,96.82778668
1280.0,Mix21,101.9904161
2560.0,Mix21,102.0
0.1,Mix22,0.281474249
5.0,Mix22,0.305025951
10.0,Mix22,0.331084056
20.0,Mix22,0.390041936
40.0,Mix22,0.54114299
80.0,Mix22,1.03956162
160.0,Mix22,3.768311876
320.0,Mix22,35.23894329
640.0,Mix22,99.05720625
1280.0,Mix22,99.99997447
2560.0,Mix22,100.0
0.1,Mix23,0.000955189
5.0,Mix23,0.00152915
10.0,Mix23,0.002423346
20.0,Mix23,0.005751778
40.0,Mix23,0.026396631
80.0,Mix23,0.282888515
160.0,Mix23,5.110273036
320.0,Mix23,46.81281947
640.0,Mix23,95.97151685
1280.0,Mix23,100.9772524
2560.0,Mix23,100.9999996
0.1,Mix25,0.152049379
5.0,Mix25,0.167078679
10.0,Mix25,0.183944194
20.0,Mix25,0.222942502
40.0,Mix25,0.327407909
80.0,Mix25,0.704907827
160.0,Mix25,3.208500853
320.0,Mix25,41.71803655
640.0,Mix25,98.21922906
1280.0,Mix25,98.49999876
2560.0,Mix25,98.5
0.1,Mix28,3.1e-102
5.0,Mix28,5.49e-44
10.0,Mix28,5.69e-34
20.0,Mix28,2.57e-24
40.0,Mix28,2.36e-15
80.0,Mix28,1.15e-07
160.0,Mix28,0.041619986
320.0,Mix28,23.69823964
640.0,Mix28,94.04663371
1280.0,Mix28,99.59051387
2560.0,Mix28,99.59999997
0.1,Mix30,0.0
5.0,Mix30,0.0
10.0,Mix30,2.8543176353953e-311
20.0,Mix30,5.99e-183
40.0,Mix30,1.11e-81
80.0,Mix30,9.79e-21
160.0,Mix30,1.234314785
320.0,Mix30,97.418865
640.0,Mix30,100.9997531
1280.0,Mix30,101.0
2560.0,Mix30,101.0
0.1,Mix31,5.03e-41
5.0,Mix31,3.22e-17
10.0,Mix31,3.99e-13
20.0,Mix31,3.52e-09
40.0,Mix31,1.62e-05
80.0,Mix31,0.02243375
160.0,Mix31,4.201033768
320.0,Mix31,56.16709441
640.0,Mix31,98.65935659
1280.0,Mix31,100.9960685
2560.0,Mix31,101.0
0.1,Mix32,0.073864829
5.0,Mix32,0.082729386
10.0,Mix32,0.092871342
20.0,Mix32,0.117033137
40.0,Mix32,0.185812496
80.0,Mix32,0.467717184
160.0,Mix32,2.907778968
320.0,Mix32,55.16260875
640.0,Mix32,100.9491043
1280.0,Mix32,101.0
2560.0,Mix32,101.0
0.1,Mix33,0.001196194
5.0,Mix33,0.001409975
10.0,Mix33,0.001667548
20.0,Mix33,0.002332447
40.0,Mix33,0.004563255
80.0,Mix33,0.017464761
160.0,Mix33,0.255264189
320.0,Mix33,35.10168323
640.0,Mix33,97.1962689
1280.0,Mix33,97.2
2560.0,Mix33,97.2
0.1,Mix34,0.008198833
5.0,Mix34,0.010254487
10.0,Mix34,0.01288417
20.0,Mix34,0.020339104
40.0,Mix34,0.050677483
80.0,Mix34,0.313973728
160.0,Mix34,10.82890808
320.0,Mix34,98.75817126
640.0,Mix34,99.29999975
1280.0,Mix34,99.3
2560.0,Mix34,99.3
0.1,Mix35,6.32e-66
5.0,Mix35,4.17e-28
10.0,Mix35,1.3300000000000001e-21
20.0,Mix35,2.47e-15
40.0,Mix35,1.63e-09
80.0,Mix35,0.000159073
160.0,Mix35,0.648239738
320.0,Mix35,39.88027778
640.0,Mix35,97.59600629
1280.0,Mix35,101.2937357
2560.0,Mix35,101.3
0.1,Mix36,0.0
5.0,Mix36,0.0
10.0,Mix36,0.0
20.0,Mix36,0.0
40.0,Mix36,3.41e-222
80.0,Mix36,7.01e-119
160.0,Mix36,3.79e-44
320.0,Mix36,4.1e-07
640.0,Mix36,45.58879912
1280.0,Mix36,98.44389418
2560.0,Mix36,98.56999965
0.1,Mix37,1.372152485
5.0,Mix37,1.498086593
10.0,Mix37,1.638313497
20.0,Mix37,1.958563024
40.0,Mix37,2.793403085
80.0,Mix37,5.612413796
160.0,Mix37,20.28353338
320.0,Mix37,82.09592321
640.0,Mix37,99.53690463
1280.0,Mix37,99.59999944
2560.0,Mix37,99.6
0.1,Mix38,0.081506396
5.0,Mix38,0.09374319
10.0,Mix38,0.108123297
20.0,Mix38,0.143829561
40.0,Mix38,0.254410612
80.0,Mix38,0.793447926
160.0,Mix38,7.290781684
320.0,Mix38,88.37644085
640.0,Mix38,99.99859297
1280.0,Mix38,100.0
2560.0,Mix38,100.0
0.1,Mix39,1.192046141
5.0,Mix39,1.275174676
10.0,Mix39,1.365896403
20.0,Mix39,1.566850767
40.0,Mix39,2.059881604
80.0,Mix39,3.541886345
160.0,Mix39,10.0697477
320.0,Mix39,51.20329714
640.0,Mix39,99.87337831
1280.0,Mix39,100.9998467
2560.0,Mix39,101.0
0.1,Mix40,0.071853671
5.0,Mix40,0.080851403
10.0,Mix40,0.0911941
20.0,Mix40,0.116013068
40.0,Mix40,0.187711176
80.0,Mix40,0.490628146
160.0,Mix40,3.276971583
320.0,Mix40,61.14027395
640.0,Mix40,98.87264726
1280.0,Mix40,98.89999999
2560.0,Mix40,98.9
0.1,Mix41,0.211996466
5.0,Mix41,0.230438818
10.0,Mix41,0.250908093
20.0,Mix41,0.297445845
40.0,Mix41,0.417900462
80.0,Mix41,0.823510119
160.0,Mix41,3.147748401
320.0,Mix41,33.09806448
640.0,Mix41,97.65927185
1280.0,Mix41,98.47998502
2560.0,Mix41,98.48
0.1,Mix42,0.0
5.0,Mix42,0.0
10.0,Mix42,0.0
20.0,Mix42,0.0
40.0,Mix42,4.5800000000000006e-208
80.0,Mix42,2.82e-54
160.0,Mix42,0.001493485
320.0,Mix42,91.56668085
640.0,Mix42,100.2993812
1280.0,Mix42,100.3
2560.0,Mix42,100.3
0.1,Mix44,0.0
5.0,Mix44,7.420000000000001e-185
10.0,Mix44,7.25e-134
20.0,Mix44,1.5500000000000001e-86
40.0,Mix44,6.0899999999999995e-46
80.0,Mix44,1.41e-16
160.0,Mix44,0.05021131
320.0,Mix44,72.81939366
640.0,Mix44,98.54042037
1280.0,Mix44,98.58999986
2560.0,Mix44,98.59
0.1,Mix45,0.0
5.0,Mix45,0.0
10.0,Mix45,0.0
20.0,Mix45,0.0
40.0,Mix45,0.0
80.0,Mix45,0.0
160.0,Mix45,7.09e-12
320.0,Mix45,94.02490799
640.0,Mix45,98.86998628
1280.0,Mix45,98.87
2560.0,Mix45,98.87
0.1,Mix46,0.470234946
5.0,Mix46,0.499867422
10.0,Mix46,0.532020205
20.0,Mix46,0.602625484
40.0,Mix46,0.772965549
80.0,Mix46,1.269716181
160.0,Mix46,3.387085441
320.0,Mix46,20.7152462
640.0,Mix46,94.88216406
1280.0,Mix46,101.5976348
2560.0,Mix46,101.6
0.1,Mix47,4.57e-79
5.0,Mix47,7.65e-38
10.0,Mix47,1.2000000000000001e-30
20.0,Mix47,1.4000000000000002e-23
40.0,Mix47,9.06e-17
80.0,Mix47,1.9e-10
160.0,Mix47,5.04e-05
320.0,Mix47,0.422252237
640.0,Mix47,37.11390171
1280.0,Mix47,98.14595799
2560.0,Mix47,102.1931327
0.1,Mix48,0.085168409
5.0,Mix48,0.097157852
10.0,Mix48,0.111131461
20.0,Mix48,0.14538772
40.0,Mix48,0.248746451
80.0,Mix48,0.72615301
160.0,Mix48,5.920338055
320.0,Mix48,82.15506283
640.0,Mix48,99.73610527
1280.0,Mix48,99.74
2560.0,Mix48,99.74
